ID;Parcela;Cell;Sp. Focal;TotalPixels;DiseasedPixels;MeasuredBy;PercentDisease;Notes
718;1;A1;LEMA;4355;272;Jesus Rodriguez;6,245694604;
719;1;A1;BEMA;47193;1542;Jesus Rodriguez;3,26743373;
720;1;A2;LEMA;15261;1391;Jesus Rodriguez;9,114736911;
721;1;A2;BEMA;186975;2684;Jesus Rodriguez;1,435486028;
722;1;A3;LEMA;71649;2040;Jesus Rodriguez;2,847213499;
723;1;A3;BEMA;201579;8883;Jesus Rodriguez;4,406709032;
724;1;A4;LEMA;83138;944;Jesus Rodriguez;1,135461522;
725;1;A4;BEMA;117265;1303;Jesus Rodriguez;1,111158487;
726;1;A5;LEMA;46529;592;Jesus Rodriguez;1,272324787;
727;1;A5;BEMA;133937;3052;Jesus Rodriguez;2,278683262;
728;1;A6;LEMA;103717;3614;Jesus Rodriguez;3,484481811;
729;1;B1;LEMA;42627;1215;Jesus Rodriguez;2,850306144;
730;1;B1;BEMA;48861;2742;Jesus Rodriguez;5,611837662;
731;1;B2;LEMA;108054;1260;Jesus Rodriguez;1,166083625;
732;1;B2;BEMA;;;;;Picture Missing
733;1;B3;LEMA;27191;117;Jesus Rodriguez;0,430289434;
734;1;B4;LEMA;31425;853;Jesus Rodriguez;2,714399364;
735;1;B4;BEMA;88132;18127;Jesus Rodriguez;20,56801162;
736;1;B5;LEMA;22684;4851;Greg Gilbert;21,38511726;
737;1;B5;BEMA;42733;2459;Jesus Rodriguez;5,754335057;
738;1;B6;LEMA;66214;2445;Jesus Rodriguez;3,692572568;
739;1;B6;BEMA;62452;2635;Jesus Rodriguez;4,219240377;
740;1;C1;LEMA;74190;1429;Jesus Rodriguez;1,926135598;
741;1;C1;BEMA;26402;888;Jesus Rodriguez;3,363381562;
742;1;C2;LEMA;18730;815;Jesus Rodriguez;4,351308062;
743;1;C2;BEMA;52473;1878;Jesus Rodriguez;3,578983477;
744;1;C3;LEMA;48685;2152;Jesus Rodriguez;4,420252645;
745;1;C3;BEMA;27292;1070;Jesus Rodriguez;3,920562802;
746;1;C4;LEMA;8723;847;Jesus Rodriguez;9,709962169;
747;1;C4;BEMA;26967;150;Jesus Rodriguez;0,556235399;
748;1;C5;LEMA;2981;1001;Jesus Rodriguez;33,57933579;
749;1;C5;BEMA;15114;3091;Jesus Rodriguez;20,45123726;
750;1;C6;LEMA;5497;1610;Jesus Rodriguez;29,28870293;
751;1;C6;BEMA;104072;12975;Greg Gilbert;12,46733031;
752;1;D1;LEMA;2919;595;Jesus Rodriguez;20,38369305;
753;1;D1;BEMA;11458;1188;Jesus Rodriguez;10,36830162;
754;1;D2;LEMA;3644;825;Jesus Rodriguez;22,63995609;
755;1;D2;BEMA;9514;533;Jesus Rodriguez;5,602270338;
756;1;D3;LEMA;4482;939;Jesus Rodriguez;20,95046854;
757;1;D3;BEMA;17114;2996;Jesus Rodriguez;17,50613533;
758;1;D3;SPRU;3676;95;Jesus Rodriguez;2,584330794;
759;1;D4;LEMA;3422;928;Jesus Rodriguez;27,11864407;
760;1;D4;BEMA;23323;6480;Jesus Rodriguez;27,7837328;
761;1;D5;LEMA;4122;0;Jesus Rodriguez;0;
762;1;D5;BEMA;8288;1201;Jesus Rodriguez;14,49083012;
763;1;D6;LEMA;1811;142;Jesus Rodriguez;7,840971839;
764;1;D6;SCLA;4496;0;Jesus Rodriguez;0;
765;1;D6;BEMA;19450;2096;Jesus Rodriguez;10,77634961;
766;1;E1;LEMA;4573;1624;Jesus Rodriguez;35,51279248;
767;1;E1;BEMA;8461;1292;Jesus Rodriguez;15,27006264;
768;1;E2;LEMA;7354;1901;Jesus Rodriguez;25,84987762;
769;1;E2;BEMA;10302;1183;Jesus Rodriguez;11,48320714;
770;1;E3;LEMA;7908;1863;Jesus Rodriguez;23,55842185;
771;1;E3;BEMA;14583;864;Jesus Rodriguez;5,92470685;
772;1;E4;LEMA;7890;1833;Jesus Rodriguez;23,23193916;
773;1;E4;SCLA;4390;137;Jesus Rodriguez;3,120728929;
774;1;E4;BEMA;7016;159;Jesus Rodriguez;2,266248575;
775;1;E5;LEMA;2344;167;Jesus Rodriguez;7,124573379;
776;1;E5;SCLA;3021;214;Jesus Rodriguez;7,083747104;
777;1;E5;BEMA;68193;9149;Jesus Rodriguez;13,41633305;
778;1;E6;LEMA;6596;440;Jesus Rodriguez;6,670709521;
779;1;E6;SCLA;2590;186;Jesus Rodriguez;7,181467181;
780;1;E6;BEMA;18051;2888;Jesus Rodriguez;15,99911362;
781;1;F1;LEMA;2825;407;Jesus Rodriguez;14,40707965;
782;1;F1;BEMA;18588;3649;Jesus Rodriguez;19,6309447;
783;1;F2;LEMA;6233;644;Jesus Rodriguez;10,33210332;
784;1;F2;BEMA;11102;2358;Jesus Rodriguez;21,23941632;
785;1;F3;LEMA;7209;1709;Jesus Rodriguez;23,70647801;
786;1;F3;BEMA;11785;1183;Jesus Rodriguez;10,03818413;
787;1;F4;LEMA;2830;239;Jesus Rodriguez;8,445229682;
788;1;F4;BEMA;16057;2850;Jesus Rodriguez;17,74926823;
789;1;F5;LEMA;7963;1558;Jesus Rodriguez;19,56549039;
790;1;F5;SCLA;6306;1034;Jesus Rodriguez;16,39708214;
791;1;F5;BEMA;10467;3028;Jesus Rodriguez;28,929015;
792;1;F6;LEMA;6209;2861;Jesus Rodriguez;46,07827347;
793;1;F6;SCLA;4022;126;Jesus Rodriguez;3,132769766;
794;1;F6;BEMA;27551;4822;Jesus Rodriguez;17,50208704;
635;2;A1;LEMA;5560;1385;Jesus Rodriguez;24,91007194;
636;2;A1;BEMA;32243;5175;Jesus Rodriguez;16,04999535;
637;2;A2;LEMA;20038;10070;Jesus Rodriguez;50,25451642;
638;2;A2;BEMA;48374;12226;Jesus Rodriguez;25,27390747;
639;2;A3;LEMA;8173;2520;Jesus Rodriguez;30,83323137;
640;2;A3;BEMA;49273;7758;Jesus Rodriguez;15,7449313;
641;2;A4;LEMA;7604;2746;Jesus Rodriguez;36,11257233;
642;2;A4;BEMA;57149;13516;Jesus Rodriguez;23,65045758;
643;2;A5;LEMA;8906;2890;Jesus Rodriguez;32,45003369;
644;2;A5;SCLA;8135;540;Jesus Rodriguez;6,63798402;
645;2;A5;BEMA;72691;22457;Jesus Rodriguez;30,89378327;
646;2;A6;LEMA;11659;6027;Jesus Rodriguez;51,69397032;
647;2;B1;LEMA;10849;694;Jesus Rodriguez;6,39690294;
648;2;B1;BEMA;100233;22184;Jesus Rodriguez;22,13243143;
649;2;B2;LEMA;12337;6052;Jesus Rodriguez;49,05568615;
650;2;B3;LEMA;7125;2257;Jesus Rodriguez;31,67719298;
651;2;B3;BEMA;31295;4205;Jesus Rodriguez;13,43665122;
652;2;B4;LEMA;12453;3689;Jesus Rodriguez;29,62338392;
653;2;B4;BEMA;62701;13236;Jesus Rodriguez;21,10971117;
654;2;B5;LEMA;8611;4262;Jesus Rodriguez;49,49483219;
655;2;B5;BEMA;46558;8534;Jesus Rodriguez;18,32982516;
656;2;B6;LEMA;6067;624;Jesus Rodriguez;10,28514917;
657;2;C1;LEMA;;;;;Pictures Missing/Duplicate names
658;2;C1;SCLA;;;;;Pictures Missing/Duplicate names
659;2;C1;BEMA;;;;;Pictures Missing/Duplicate names
660;2;C2;LEMA;;;;;Pictures Missing/Duplicate names
661;2;C2;BEMA;;;;;Pictures Missing/Duplicate names
662;2;C3;LEMA;;;;;Pictures Missing/Duplicate names
663;2;C3;BEMA;;;;;Pictures Missing/Duplicate names
664;2;C4;LEMA;;;;;Pictures Missing/Duplicate names
665;2;C4;BEMA;;;;;Pictures Missing/Duplicate names
666;2;C5;LEMA;;;;;Pictures Missing/Duplicate names
667;2;C5;SCLA;;;;;Pictures Missing/Duplicate names
668;2;C5;BEMA;;;;;Pictures Missing/Duplicate names
669;2;C6;LEMA;;;;;Pictures Missing/Duplicate names
670;2;D1;LEMA;5065;1303;Jesus Rodriguez;25,72556762;
671;2;D1;BEMA;37205;8848;Jesus Rodriguez;23,78174976;
672;2;D2;LEMA;;;;;Pictures Missing/Duplicate names
673;2;D2;BEMA;;;;;Pictures Missing/Duplicate names
674;2;D3;LEMA;;;;;Pictures Missing/Duplicate names
675;2;D3;BEMA;;;;;Pictures Missing/Duplicate names
676;2;D4;LEMA;;;;;Pictures Missing/Duplicate names
677;2;D4;BEMA;;;;;Pictures Missing/Duplicate names
678;2;D5;LEMA;;;;;Pictures Missing/Duplicate names
679;2;D5;SCLA;;;;;Pictures Missing/Duplicate names
680;2;D5;BEMA;;;;;Pictures Missing/Duplicate names
681;2;D6;LEMA;;;;;Pictures Missing/Duplicate names
682;2;D6;BEMA;103701;13148;Jesus Rodriguez;12,67875912;
683;2;E1;LEMA;12994;5454;Jesus Rodriguez;41,97321841;
684;2;E1;SCLA;7701;442;Jesus Rodriguez;5,739514349;
685;2;E1;BEMA;26942;4132;Jesus Rodriguez;15,3366491;
686;2;E2;LEMA;6883;1722;Jesus Rodriguez;25,01816069;
687;2;E2;SCLA;7452;711;Jesus Rodriguez;9,541062802;
688;2;E2;SOAS;14835;4048;Jesus Rodriguez;27,28682171;
689;2;E2;BEMA;30311;6720;Jesus Rodriguez;22,17016925;
690;2;E3;LEMA;11841;1809;Jesus Rodriguez;15,27742589;
691;2;E3;BEMA;12789;593;Jesus Rodriguez;4,636797248;
692;2;E3;SCLA;8437;1840;Jesus Rodriguez;21,80869977;
693;2;E4;LEMA;7499;1564;Jesus Rodriguez;20,85611415;
694;2;E4;SCLA;9066;1150;Jesus Rodriguez;12,68475623;
695;2;E4;BEMA;51310;22127;Jesus Rodriguez;43,12414734;
696;2;E5;LEMA;9311;718;Jesus Rodriguez;7,711309204;
697;2;E5;SCLA;3791;553;Jesus Rodriguez;14,58718016;
698;2;E5;BEMA;18806;2926;Jesus Rodriguez;15,55886419;
699;2;E6;LEMA;6109;2125;Jesus Rodriguez;34,78474382;
700;2;E6;BEMA;49279;7165;Jesus Rodriguez;14,53966192;
701;2;F1;LEMA;11046;3039;Jesus Rodriguez;27,51222162;
702;2;F1;SCLA;10632;3452;Jesus Rodriguez;32,46802107;
703;2;F1;BEMA;51473;20184;Jesus Rodriguez;39,21279117;
704;2;F2;LEMA;17008;7361;Jesus Rodriguez;43,27963311;
705;2;F2;SCLA;4313;69;Jesus Rodriguez;1,599814514;
706;2;F2;BEMA;30628;5491;Jesus Rodriguez;17,9280397;
707;2;F3;LEMA;10620;2312;Jesus Rodriguez;21,77024482;
708;2;F3;SCLA;6051;993;Jesus Rodriguez;16,41051066;
709;2;F3;BEMA;76099;11580;Jesus Rodriguez;15,21701993;
710;2;F4;LEMA;4502;1329;Jesus Rodriguez;29,52021324;
711;2;F4;BEMA;36828;3478;Jesus Rodriguez;9,443901379;
712;2;F5;LEMA;6875;1892;Jesus Rodriguez;27,52;
713;2;F5;SCLA;6158;627;Jesus Rodriguez;10,18187723;
714;2;F5;BEMA;68342;25183;Jesus Rodriguez;36,84849726;
715;2;F6;LEMA;10543;3409;Jesus Rodriguez;32,33425021;
716;2;F6;SCLA;5351;371;Jesus Rodriguez;6,933283498;
717;2;F6;BEMA;51892;9008;Jesus Rodriguez;17,3591305;
571;3;A2;LEMA;21123;2389;Jesus Rogriguez;11,3099465;
572;3;A2;SCLA;17106;283;Jesus Rogriguez;1,654390272;
573;3;A2;BEMA;62436;8131;Jesus Rogriguez;13,02293549;
574;3;A3;LEMA;22429;2594;Jesus Rogriguez;11,5653841;
575;3;A4;LEMA;39366;5626;Jesus Rogriguez;14,2915206;
576;3;A5;LEMA;6724;527;Jesus Rogriguez;7,837596669;
577;3;A6;LEMA;6805;0;Jesus Rogriguez;0;
578;3;B1;LEMA;8775;0;Jesus Rogriguez;0;
579;3;B2;LEMA;5162;1521;Jesus Rogriguez;29,46532352;
580;3;B2;BEMA;47060;4672;Jesus Rogriguez;9,927751806;
581;3;B3;LEMA;7537;1800;Jesus Rogriguez;23,88218124;
582;3;B3;BEMA;35657;1945;Jesus Rogriguez;5,454749418;
583;3;B4;LEMA;9787;2429;Jesus Rogriguez;24,81863697;
584;3;B4;BEMA;32688;3588;Jesus Rogriguez;10,97650514;
585;3;B5;LEMA;16583;2990;Jesus Rogriguez;18,03051318;
586;3;B5;SCLA;35237;3235;Jesus Rogriguez;9,180690751;
587;3;B6;LEMA;19656;2220;Jesus Rogriguez;11,29426129;
588;3;C2;LEMA;11588;1355;Jesus Rogriguez;11,69313082;
589;3;C2;BEMA;87891;8199;Jesus Rogriguez;9,328600198;
590;3;C3;LEMA;5849;386;Jesus Rogriguez;6,599418704;
591;3;C3;SOAS;17230;2209;Jesus Rogriguez;12,82066164;
592;3;C3;BEMA;40580;4163;Jesus Rogriguez;10,25874815;
593;3;C4;LEMA;10250;969;Jesus Rogriguez;9,453658537;
594;3;C4;SCLA;13234;2749;Jesus Rogriguez;20,77225329;
595;3;C4;BEMA;41205;4737;Jesus Rogriguez;11,49617765;
596;3;C5;LEMA;4342;773;Jesus Rogriguez;17,80285583;
597;3;C5;SCLA;24184;6052;Jesus Rogriguez;25,02480979;
598;3;C6;LEMA;6475;1001;Jesus Rogriguez;15,45945946;
599;3;C6;BEMA;30606;4293;Jesus Rogriguez;14,02666144;
600;3;D2;LEMA;13381;3950;Jesus Rogriguez;29,5194679;
601;3;D3;LEMA;13528;1638;Jesus Rogriguez;12,10821999;
602;3;D3;SCLA;14704;1431;Jesus Rogriguez;9,732045702;
603;3;D3;BEMA;57212;7081;Jesus Rogriguez;12,3767741;
604;3;D4;LEMA;7194;1346;Jesus Rogriguez;18,71003614;
605;3;D4;SCLA;6760;469;Jesus Rogriguez;6,937869822;
606;3;D5;LEMA;6113;3015;Jesus Rogriguez;49,32111893;
607;3;D5;SCLA;6365;414;Jesus Rogriguez;6,504320503;
608;3;D5;BEMA;59455;8093;Jesus Rogriguez;13,61197544;
609;3;D6;LEMA;3989;726;Jesus Rogriguez;18,20005014;
610;3;E1;LEMA;;;;;Picutre Missing
611;3;E1;BEMA;58787;7085;Jesus Rogriguez;12,05198428;
612;3;E2;LEMA;3855;1364;Jesus Rogriguez;35,38261997;
613;3;E2;BEMA;33108;2021;Jesus Rogriguez;6,10426483;
614;3;E3;LEMA;8330;1516;Jesus Rogriguez;18,19927971;
615;3;E4;LEMA;7422;238;Jesus Rogriguez;3,206682835;
616;3;E4;BEMA;28537;5580;Jesus Rogriguez;19,55356204;
617;3;E5;LEMA;15177;2438;Jesus Rogriguez;16,06378072;
618;3;E5;SCLA;11346;1881;Jesus Rogriguez;16,57852988;
619;3;E5;BEMA;20492;850;Jesus Rogriguez;4,14796018;
620;3;E6;LEMA;5861;992;Jesus Rogriguez;16,92543934;
621;3;E6;BEMA;16576;813;Jesus Rogriguez;4,904681467;
622;3;F1;LEMA;13035;723;Jesus Rogriguez;5,546605293;
623;3;F2;LEMA;5735;545;Jesus Rogriguez;9,503051439;
624;3;F2;BEMA;28492;2413;Jesus Rogriguez;8,469043942;
625;3;F3;LEMA;5310;1073;Jesus Rogriguez;20,20715631;
626;3;F3;BEMA;26869;1617;Jesus Rogriguez;6,018087759;
627;3;F4;LEMA;4866;279;Jesus Rogriguez;5,733662145;
628;3;F4;BEMA;44646;8703;Jesus Rogriguez;19,49334767;
629;3;F5;LEMA;7049;1821;Jesus Rogriguez;25,83345155;
630;3;F5;SCLA;9695;911;Jesus Rogriguez;9,396596184;
631;3;F5;BEMA;38789;7050;Jesus Rogriguez;18,17525587;
632;3;F6;LEMA;7510;1449;Jesus Rogriguez;19,2942743;
633;3;F6;SCLA;3127;256;Jesus Rogriguez;8,186760473;
634;3;F6;BEMA;20963;277;Jesus Rogriguez;1,321375757;
489;4;A1;LEMA;13184;5124;Jesus Rodriguez;38,86529126;
490;4;A1;BEMA;12919;0;Jesus Rodriguez;0;
491;4;A2;LEMA;15206;5664;Jesus Rodriguez;37,24845456;
492;4;A2;BEMA;32655;6120;Jesus Rodriguez;18,74138723;
493;4;A3;LEMA;22205;7043;Jesus Rodriguez;31,71808151;
494;4;A3;BEMA;15139;1871;Jesus Rodriguez;12,35880838;
495;4;A4;LEMA;8169;1615;Jesus Rodriguez;19,76986167;
496;4;A4;BEMA;12486;1721;Jesus Rodriguez;13,78343745;
497;4;A5;LEMA;12451;4055;Jesus Rodriguez;32,56766525;
498;4;A5;BEMA;17655;1836;Jesus Rodriguez;10,39932031;
499;4;A6;LEMA;15280;6294;Jesus Rodriguez;41,19109948;
500;4;A6;BEMA;26060;7121;Jesus Rodriguez;27,32540292;
501;4;B1;LEMA;10555;2852;Jesus Rodriguez;27,02036949;
502;4;B1;SCLA;11961;575;Jesus Rodriguez;4,80729036;
503;4;B1;BEMA;46942;2193;Jesus Rodriguez;4,671722551;
504;4;B2;LEMA;4268;1365;Jesus Rodriguez;31,98219306;
505;4;B2;BEMA;24446;867;Jesus Rodriguez;3,54659249;
506;4;B3;LEMA;11725;2816;Jesus Rodriguez;24,01705757;
507;4;B3;BEMA;61099;5332;Jesus Rodriguez;8,726820406;
508;4;B4;LEMA;16941;3147;Jesus Rodriguez;18,57623517;
509;4;B4;BEMA;19462;3713;Jesus Rodriguez;19,07820368;
510;4;B5;LEMA;11434;3644;Jesus Rodriguez;31,86986182;
511;4;B5;BEMA;19928;3124;Jesus Rodriguez;15,67643517;
512;4;B6;LEMA;12454;7317;Jesus Rodriguez;58,75220813;
513;4;B6;SCLA;10383;1888;Jesus Rodriguez;18,1835693;
514;4;B6;BEMA;18861;1737;Jesus Rodriguez;9,209479879;
515;4;C1;LEMA;12169;3196;Jesus Rodriguez;26,26345632;
516;4;C2;LEMA;9685;2144;Jesus Rodriguez;22,13732576;
517;4;C2;BEMA;44951;4790;Jesus Rodriguez;10,6560477;
518;4;C3;LEMA;7957;565;Jesus Rodriguez;7,10066608;
519;4;C3;BEMA;12073;2034;Jesus Rodriguez;16,84751097;
520;4;C4;LEMA;17374;4283;Jesus Rodriguez;24,65177852;
521;4;C4;SCLA;11575;1366;Jesus Rodriguez;11,8012959;
522;4;C4;BEMA;23853;1956;Jesus Rodriguez;8,200226387;
523;4;C5;LEMA;3743;512;Jesus Rodriguez;13,67886722;
524;4;C5;SCLA;5362;254;Jesus Rodriguez;4,737038419;
525;4;C5;BEMA;19363;2502;Jesus Rodriguez;12,92155141;
526;4;C6;LEMA;18425;9390;Jesus Rodriguez;50,96336499;
527;4;C6;SCLA;7415;821;Jesus Rodriguez;11,07215105;
528;4;C6;BEMA;24769;388;Jesus Rodriguez;1,566474222;
529;4;D1;LEMA;8259;2043;Jesus Rodriguez;24,73665093;
530;4;D1;BEMA;26276;550;Jesus Rodriguez;2,093164865;
531;4;D2;LEMA;6184;657;Jesus Rodriguez;10,62419146;
532;4;D2;BEMA;21469;2989;Jesus Rodriguez;13,92239974;
533;4;D3;LEMA;6007;950;Jesus Rodriguez;15,81488264;
534;4;D3;SCLA;6384;316;Jesus Rodriguez;4,949874687;
535;4;D3;BEMA;32281;1903;Jesus Rodriguez;5,895108578;
536;4;D4;LEMA;4597;1018;Jesus Rodriguez;22,14487709;
537;4;D4;BEMA;25100;276;Jesus Rodriguez;1,099601594;
538;4;D5;LEMA;4621;1769;Jesus Rodriguez;38,2817572;
539;4;D5;BEMA;14707;843;Jesus Rodriguez;5,731964371;
540;4;D6;LEMA;16154;7142;Jesus Rodriguez;44,21195989;
541;4;D6;SCLA;5283;501;Jesus Rodriguez;9,483248154;
542;4;D6;BEMA;12109;1451;Jesus Rodriguez;11,98282269;
543;4;E1;LEMA;9393;3158;Jesus Rodriguez;33,62078143;
544;4;E1;BEMA;;;;;Duplicate Photos with same name
545;4;E2;LEMA;5883;1158;Jesus Rodriguez;19,68383478;
546;4;E2;BEMA;14509;1918;Jesus Rodriguez;13,21938107;
547;4;E3;LEMA;6701;1957;Jesus Rodriguez;29,20459633;
548;4;E3;SCLA;4820;505;Jesus Rodriguez;10,47717842;
549;4;E3;BEMA;30614;3601;Jesus Rodriguez;11,76259228;
550;4;E4;LEMA;6995;2549;Jesus Rodriguez;36,44031451;
551;4;E4;BEMA;16899;5543;Jesus Rodriguez;32,80075744;
552;4;E5;LEMA;6174;1466;Jesus Rodriguez;23,74473599;
553;4;E5;BEMA;18862;523;Jesus Rodriguez;2,77277065;
554;4;E6;LEMA;4353;1526;Jesus Rodriguez;35,05628302;
555;4;E6;SCLA;5713;399;Jesus Rodriguez;6,984071416;
556;4;E6;BEMA;10791;252;Jesus Rodriguez;2,335279399;
557;4;F1;LEMA;14128;5223;Jesus Rodriguez;36,9691393;
558;4;F1;SCLA;3966;203;Jesus Rodriguez;5,118507312;
559;4;F1;BEMA;47626;1589;Jesus Rodriguez;3,336412884;
560;4;F2;LEMA;3096;1412;Jesus Rodriguez;45,60723514;
561;4;F2;BEMA;16179;2749;Jesus Rodriguez;16,99116138;
562;4;F3;LEMA;13608;6190;Jesus Rodriguez;45,48794827;
563;4;F3;BEMA;;;;;Photo Missing
564;4;F4;LEMA;4979;1629;Jesus Rodriguez;32,71741314;
565;4;F4;BEMA;18658;1295;Jesus Rodriguez;6,940722478;
566;4;F5;LEMA;6167;906;Jesus Rodriguez;14,69109778;
567;4;F5;SCLA;5779;783;Jesus Rodriguez;13,54905693;
568;4;F5;BEMA;12491;2333;Jesus Rodriguez;18,67744776;
569;4;F6;LEMA;9356;1090;Jesus Rodriguez;11,6502779;
570;4;F6;BEMA;10156;779;Jesus Rodriguez;7,670342655;
426;5;A1;SCLA;15619;3748;Jesus Rodriguez;23,99641462;
427;5;A1;LEMA;9560;2651;Jesus Rodriguez;27,73012552;
428;5;A1;BEMA;18369;4581;Jesus Rodriguez;24,93875551;
429;5;A2;LEMA;17201;4899;Jesus Rodriguez;28,48090227;
430;5;A2;BEMA;54913;13435;Jesus Rodriguez;24,46597345;
431;5;A3;LEMA;27206;716;Jesus Rodriguez;2,631772403;
432;5;A3;BEMA;15875;2384;Jesus Rodriguez;15,01732283;
433;5;A4;LEMA;17776;822;Jesus Rodriguez;4,624212421;
434;5;A4;BEMA;28742;9965;Jesus Rodriguez;34,67051701;
435;5;A5;BEMA;22554;3069;Jesus Rodriguez;13,60734238;
436;5;A6;LEMA;13237;1706;Jesus Rodriguez;12,88811664;
437;5;A6;BEMA;23218;5018;Jesus Rodriguez;21,61254199;
438;5;B1;LEMA;12476;3810;Jesus Rodriguez;30,53863418;
439;5;B1;BEMA;11399;2933;Jesus Rodriguez;25,73032722;
440;5;B2;LEMA;12684;3967;Jesus Rodriguez;31,27562283;
441;5;B2;BEMA;10372;2718;Jesus Rodriguez;26,20516776;
442;5;B3;LEMA;13219;3255;Jesus Rodriguez;24,62364778;
443;5;B3;BEMA;17517;4023;Jesus Rodriguez;22,96626135;
444;5;B4;LEMA;17621;3554;Jesus Rodriguez;20,1691164;
445;5;B4;BEMA;28914;7949;Jesus Rodriguez;27,49187245;
446;5;B5;LEMA;11249;1636;Jesus Rodriguez;14,54351498;
447;5;B5;BEMA;56292;11668;Jesus Rodriguez;20,72763448;
448;5;C1;LEMA;11187;2642;Jesus Rodriguez;23,61669795;
449;5;C1;BEMA;32265;6392;Jesus Rodriguez;19,81094065;
450;5;C2;LEMA;7571;1293;Jesus Rodriguez;17,07832519;
451;5;C2;BEMA;6212;1035;Jesus Rodriguez;16,66130071;
452;5;C3;LEMA;7804;144;Jesus Rodriguez;1,845207586;
453;5;C3;BEMA;9152;954;Jesus Rodriguez;10,42395105;
454;5;C4;LEMA;21577;3201;Jesus Rodriguez;14,83524123;
455;5;C4;BEMA;15755;904;Jesus Rodriguez;5,737860997;
456;5;C5;BEMA;24515;344;Jesus Rodriguez;1,403222517;
457;5;C6;LEMA;8327;2933;Jesus Rodriguez;35,2227693;
458;5;D1;LEMA;51012;3751;Jesus Rodriguez;7,353171803;
459;5;D1;BEMA;14655;3336;Jesus Rodriguez;22,76356192;
460;5;D2;LEMA;39308;12890;Jesus Rodriguez;32,79230691;
461;5;D2;BEMA;19258;1834;Jesus Rodriguez;9,523314986;
462;5;D3;LEMA;43212;6760;Jesus Rodriguez;15,64380265;
463;5;D3;BEMA;20100;4484;Jesus Rodriguez;22,30845771;
464;5;D4;LEMA;19878;3603;Jesus Rodriguez;18,12556595;
465;5;D4;BEMA;50415;5404;Jesus Rodriguez;10,71903203;
466;5;D5;LEMA;40792;0;Jesus Rodriguez;0;
467;5;D5;BEMA;47755;2200;Jesus Rodriguez;4,606847451;
468;5;D6;LEMA;21001;172;Jesus Rodriguez;0,819008619;
469;5;D6;BEMA;53904;2381;Jesus Rodriguez;4,417111903;
470;5;E1;LEMA;9024;2966;Jesus Rodriguez;32,8679078;
471;5;E1;BEMA;25066;1670;Jesus Rodriguez;6,662411234;
472;5;E2;LEMA;10546;3394;Jesus Rodriguez;32,18281813;
473;5;E2;BEMA;23477;4937;Jesus Rodriguez;21,0290923;
474;5;E3;LEMA;9367;2980;Jesus Rodriguez;31,81381446;
475;5;E3;BEMA;17078;3761;Jesus Rodriguez;22,02248507;
476;5;E4;LEMA;6413;187;Jesus Rodriguez;2,915951973;
477;5;E4;BEMA;28873;347;Jesus Rodriguez;1,201814844;
478;5;E5;LEMA;7697;940;Jesus Rodriguez;12,21255034;
479;5;E6;LEMA;7973;534;Jesus Rodriguez;6,697604415;
480;5;F1;LEMA;15385;6139;Jesus Rodriguez;39,90250244;
481;5;F2;LEMA;7529;1258;Jesus Rodriguez;16,70872626;
482;5;F2;BEMA;14980;2189;Jesus Rodriguez;14,61281709;
483;5;F3;LEMA;8138;1696;Jesus Rodriguez;20,84050135;
484;5;F3;SCLA;5640;536;Jesus Rodriguez;9,503546099;
485;5;F3;BEMA;7578;746;Jesus Rodriguez;9,844286091;
486;5;F4;LEMA;11337;1879;Jesus Rodriguez;16,57404957;
487;5;F5;LEMA;7840;1290;Jesus Rodriguez;16,45408163;
488;5;F5;BEMA;11510;1779;Jesus Rodriguez;15,45612511;
337;6;A1;LEMA;14095;7676;Jesus Rodriguez;54,45902802;
338;6;A1;BEMA;34898;48;Jesus Rodriguez;0,137543699;
339;6;A2;LEMA;28429;4263;Jesus Rodriguez;14,99525133;
340;6;A2;SOAS;20362;5496;Jesus Rodriguez;26,99145467;
341;6;A2;BEMA;19661;3758;Jesus Rodriguez;19,11398199;
342;6;A3;LEMA;26662;10777;Jesus Rodriguez;40,42082364;
343;6;A3;SCLA;7318;0;Jesus Rodriguez;0;
344;6;A3;BEMA;30588;3047;Jesus Rodriguez;9,96142278;
345;6;A4;LEMA;17896;3428;Jesus Rodriguez;19,15511846;
346;6;A4;BEMA;41750;7121;Jesus Rodriguez;17,05628743;
347;6;A5;LEMA;11756;5022;Jesus Rodriguez;42,71861177;
348;6;A5;SCLA;6912;930;Jesus Rodriguez;13,45486111;
349;6;A5;BEMA;6346;1083;Jesus Rodriguez;17,06586826;
350;6;A6;LEMA;24159;8169;Jesus Rodriguez;33,81348566;
351;6;A6;SCLA;8140;318;Jesus Rodriguez;3,906633907;
352;6;A6;BEMA;8887;681;Jesus Rodriguez;7,662878362;
353;6;B1;LEMA;7936;1691;Jesus Rodriguez;21,30796371;
354;6;B1;BEMA;32792;2119;Jesus Rodriguez;6,461941937;
355;6;B2;LEMA;12998;4791;Jesus Rodriguez;36,85951685;
356;6;B2;SCLA;7316;325;Jesus Rodriguez;4,442318207;
357;6;B2;SOAS;7230;1754;Jesus Rodriguez;24,26002766;
358;6;B2;BEMA;21566;1063;Jesus Rodriguez;4,929054994;
359;6;B3;LEMA;9545;1738;Jesus Rodriguez;18,20848612;
360;6;B3;SCLA;3741;476;Jesus Rodriguez;12,72387062;
361;6;B3;BEMA;32132;2937;Jesus Rodriguez;9,140420764;
362;6;B4;LEMA;10990;1951;Jesus Rodriguez;17,75250227;
363;6;B4;BEMA;5664;832;Jesus Rodriguez;14,68926554;
364;6;B5;LEMA;;;;;Picture Missing 
365;6;B5;SCLA;;;;;Picture Missing 
366;6;B5;BEMA;;;;;Picture Missing 
367;6;B6;LEMA;;;;;Picture Missing 
368;6;B6;SCLA;;;;;Picture Missing 
369;6;B6;BEMA;;;;;Picture Missing 
370;6;B6;SPRU;;;;;Picture Missing 
371;6;C1;LEMA;;;;;Picture Missing 
372;6;C1;BEMA;;;;;Picture Missing 
373;6;C2;LEMA;;;;;Picture Missing 
374;6;C2;BEMA;;;;;Picture Missing 
375;6;C3;LEMA;;;;;Picture Missing 
376;6;C3;BEMA;;;;;Picture Missing 
377;6;C4;LEMA;;;;;Picture Missing 
378;6;C4;BEMA;;;;;Picture Missing 
379;6;C5;LEMA;;;;;Picture Missing 
380;6;C5;BEMA;;;;;Picture Missing 
381;6;C6;LEMA;;;;;Picture Missing 
382;6;C6;BEMA;;;;;Picture Missing 
383;6;C6;SCLA;;;;;Picture Missing 
384;6;D1;LEMA;;;;;Picture Missing 
385;6;D1;BEMA;;;;;Picture Missing 
386;6;D2;LEMA;;;;;Picture Missing 
387;6;D2;BEMA;;;;;Picture Missing 
388;6;D3;LEMA;;;;;Picture Missing 
389;6;D3;BEMA;;;;;Picture Missing 
390;6;D4;LEMA;;;;;Picture Missing 
391;6;D4;BEMA;;;;;Picture Missing 
392;6;D5;LEMA;;;;;Picture Missing 
393;6;D5;BEMA;;;;;Picture Missing 
394;6;D6;LEMA;;;;;Picture Missing 
395;6;D6;SCLA;;;;;Picture Missing 
396;6;D6;SOAS;;;;;Picture Missing 
397;6;D6;BEMA;;;;;Picture Missing 
398;6;E1;BEMA;;;;;Picture Missing 
399;6;E2;LEMA;;;;;Picture Missing 
400;6;E2;BEMA;;;;;Picture Missing 
401;6;E3;LEMA;;;;;Picture Missing 
402;6;E3;BEMA;;;;;Picture Missing 
403;6;E3;SCLA;;;;;Picture Missing 
404;6;E4;LEMA;;;;;Picture Missing 
405;6;E4;BEMA;;;;;Picture Missing 
406;6;E5;LEMA;;;;;Picture Missing 
407;6;E5;BEMA;;;;;Picture Missing 
408;6;E6;LEMA;;;;;Picture Missing 
409;6;E6;BEMA;;;;;Picture Missing 
410;6;F1;LEMA;23556;8224;Jesus Rodriguez;34,91254882;
411;6;F1;SCLA;7519;2129;Jesus Rodriguez;28,3149355;
412;6;F1;BEMA;4353;711;Jesus Rodriguez;16,33356306;
413;6;F2;LEMA;24035;2940;Jesus Rodriguez;12,23216143;
414;6;F2;SCLA;9405;2065;Jesus Rodriguez;21,95640617;
415;6;F2;BEMA;3313;299;Jesus Rodriguez;9,025052822;
416;6;F3;LEMA;8631;861;Jesus Rodriguez;9,9756691;
417;6;F3;SCLA;23556;8224;Jesus Rodriguez;34,91254882;
418;6;F3;BEMA;7519;2129;Jesus Rodriguez;28,3149355;
419;6;F4;LEMA;4353;711;Jesus Rodriguez;16,33356306;
420;6;F4;BEMA;24035;2940;Jesus Rodriguez;12,23216143;
421;6;F5;LEMA;9405;2065;Jesus Rodriguez;21,95640617;
422;6;F5;BEMA;3313;299;Jesus Rodriguez;9,025052822;
423;6;F6;LEMA;8631;861;Jesus Rodriguez;9,9756691;
424;6;F6;SCLA;4610;330;Jesus Rodriguez;7,15835141;
425;6;F6;BEMA;14848;1405;Jesus Rodriguez;9,462553879;
219;7;A1;LEMA;10851;6926;Jeus Rodriguez;63,8282186;
220;7;A1;SOAS;40613;9997;Jeus Rodriguez;24,61527097;
221;7;A1;BEMA;7063;409;Jeus Rodriguez;5,790740479;
222;7;A2;LEMA;9347;1668;Jeus Rodriguez;17,84529796;
223;7;A2;SOAS;17784;6497;Jeus Rodriguez;36,53283851;
224;7;A2;SPRU;6907;92;Jeus Rodriguez;1,331982047;
225;7;A2;BEMA;9459;1837;Jeus Rodriguez;19,42065757;
226;7;A3;SOAS;24712;12193;Jeus Rodriguez;49,34040142;
227;7;A3;LEMA;;1951;Jeus Rodriguez;13,13981681;
228;7;A3;SPRU;10288;472;Jeus Rodriguez;4,587869362;
229;7;A3;BEMA;10267;1819;Jeus Rodriguez;17,71695724;
230;7;A4;LEMA;21006;9217;Jeus Rodriguez;43,87793964;
231;7;A4;SOAS;28961;9545;Jeus Rodriguez;32,95811609;
232;7;A4;BEMA;10077;2624;Jeus Rodriguez;26,03949588;
233;7;A4;SPRU;6534;379;Jeus Rodriguez;5,800428528;
234;7;A5;LEMA;19269;7850;Jeus Rodriguez;40,73901085;
235;7;A5;SCLA;12115;1032;Jeus Rodriguez;8,518365662;
236;7;A5;BEMA;9365;966;Jesus Rodriguez;10,31500267;
237;7;A5;SOAS;31101;6879;Jesus Rodriguez;22,11825986;
238;7;A5;SPRU;6597;0;Jesus Rodriguez;0;
239;7;A6;SOAS;41357;12941;Jesus Rodriguez;31,29095437;
240;7;A6;BEMA;9944;741;Jesus Rodriguez;7,451729686;
241;7;B1;SCLA;8463;1958;Jesus Rodriguez;23,13600378;
242;7;B1;LEMA;17544;10826;Jesus Rodriguez;61,70770634;
243;7;B1;SOAS;15338;4853;Jesus Rodriguez;31,64037032;
244;7;B1;BEMA;8593;343;Jesus Rodriguez;3,991621087;
245;7;B2;LEMA;15533;4295;Jesus Rodriguez;27,65080796;
246;7;B2;SOAS;30273;10233;Jesus Rodriguez;33,80239818;
247;7;B2;SPRU;11554;348;Jesus Rodriguez;3,011943916;
248;7;B2;BEMA;14571;1667;Jesus Rodriguez;11,44053256;
249;7;B3;SCLA;13594;803;Jesus Rodriguez;5,907017802;
250;7;B3;LEMA;19111;3918;Jesus Rodriguez;20,50128198;
251;7;B3;BEMA;14258;1697;Jesus Rodriguez;11,90209005;
252;7;B3;SOAS;14786;6248;Jesus Rodriguez;42,25618829;
253;7;B4;LEMA;36371;20509;Jesus Rodriguez;56,38833136;
254;7;B4;SOAS;114132;94570;Taelor Whittington;82,86019696;
255;7;B4;BEMA;27844;9007;Taelor Whittington;32,3480822;
256;7;B4;SPRU;69450;11783;Taelor Whittington;16,9661627;
257;7;B5;LEMA;75936;38071;Taelor Whittington;50,1356405;
258;7;B5;SOAS;93884;28583;Taelor Whittington;30,44501726;
259;7;B5;BEMA;25619;3175;Taelor Whittington;12,39314571;
260;7;B6;LEMA;16016;0;Taelor Whittington;0;
261;7;B6;SOAS;74550;12394;Taelor Whittington;16,62508384;
262;7;B6;BEMA;76095;14395;Taelor Whittington;18,91714304;
263;7;C1;LEMA;88405;19414;Taelor Whittington;21,96029636;
264;7;C1;SOAS;70463;29994;Taelor Whittington;42,56702099;
265;7;C1;BEMA;25800;3616;Taelor Whittington;14,01550388;
266;7;C2;LEMA;17409;202;Taelor Whittington;1,16031938;
267;7;C2;BEMA;37204;18380;Taelor Whittington;49,40329;
268;7;C3;LEMA;103694;33592;Taelor Whittington;32,395317;
269;7;C3;SOAS;152676;45750;Taelor Whittington;29,96541696;
270;7;C3;BEMA;48358;15392;Taelor Whittington;31,8297334;
271;7;C3;SCLA;20274;6456;Taelor Whittington;31,84374075;
272;7;C4;LEMA;36210;17085;Taelor Whittington;47,18309859;
273;7;C4;SOAS;71070;33794;Taelor Whittington;47,55030252;
274;7;C4;BEMA;;;;;
275;7;C5;LEMA;81098;26380;Taelor Whittington;32,5285457;
276;7;C5;SOAS;70137;24435;Taelor Whittington;34,838958;
277;7;C5;BEMA;39549;440;Taelor Whittington;1,11254393;
278;7;C6;SOAS;70796;25827;Taelor Whittington;36,48087463;
279;7;C6;LEMA;56489;10775;Taelor Whittington;19,07451008;
280;7;C6;BEMA;32724;2625;Taelor Whittington;8,021635497;
281;7;D1;SOAS;183190;71212;Taelor Whittington;38,87330094;
282;7;D1;BEMA;35663;7880;Taelor Whittington;22,09572947;
283;7;D2;LEMA;91600;18969;Taelor Whittington;20,70742358;
284;7;D2;SOAS;131404;60280;Taelor Whittington;45,8737938;
285;7;D2;BEMA;63579;12502;Taelor Whittington;19,66372544;
286;7;D3;LEMA;83947;17271;Taelor Whittington;20,57369531;
287;7;D3;SOAS;153041;85872;Taelor Whittington;56,11045406;
288;7;D3;BEMA;45024;4404;Taelor Whittington;9,781449893;
289;7;D4;SCLA;48419;150;Taelor Whittington;0,003097957;
290;7;D4;LEMA;66323;15050;Taelor Whittington;22,69197714;
291;7;D4;SOAS;104201;21645;Taelor Whittington;20,77235343;
292;7;D4;BEMA;34899;99;Taelor Whittington;0,28367575;
293;7;D5;LEMA;47384;8260;Taelor Whittington;17,43204457;
294;7;D5;SCLA;39062;128;Taelor Whittington;0,327684194;
295;7;D5;SOAS;32773;7876;Taelor Whittington;24,03197754;
296;7;D5;BEMA;31622;1040;Taelor Whittington;3,288849535;
297;7;D6;LEMA;34015;0;Taelor Whittington;0;
298;7;D6;SOAS;85263;39600;Taelor Whittington;46,44453045;
299;7;D6;BEMA;32218;2991;Taelor Whittington;9,283630269;
300;7;E1;LEMA;138152;35656;Taelor Whittington;25,80925358;
301;7;E1;SOAS;85038;30641;Taelor Whittington;36,03212681;
302;7;E1;BEMA;30496;4652;Taelor Whittington;15,2544596;
303;7;E2;LEMA;94076;22198;Taelor Whittington;23,59581615;
304;7;E2;SCLA;21750;320;Taelor Whittington;1,471264368;
305;7;E2;SOAS;66292;28975;Taelor Whittington;43,70813975;
306;7;E2;BEMA;34040;2567;Taelor Whittington;7,541128085;
307;7;E3;LEMA;54723;30418;Taelor Whittington;55,58540285;
308;7;E3;SOAS;75951;27180;Taelor Whittington;35,7862306;
309;7;E3;BEMA;20577;1103;Taelor Whittington;5,360353793;
310;7;E4;LEMA;68262;15720;Taelor Whittington;23,02891799;
311;7;E4;SCLA;28455;3050;Taelor Whittington;10,71867862;
312;7;E4;SOAS;106154;26928;Taelor Whittington;25,36691;
313;7;E4;BEMA;25768;2032;Taelor Whittington;7,88574;
314;7;E5;LEMA;76480;16969;Taelor Whittington;22,1875;
315;7;E5;SOAS;73231;17589;Taelor Whittington;24,01851675;
316;7;E5;BEMA;30798;2514;Taelor Whittington;8,165253824;
317;7;E6;LEMA;42688;6275;Taelor Whittington;14,69968141;
318;7;E6;SOAS;30514;14192;Taelor Whittington;46,50979878;
319;7;E6;BEMA;37598;1954;Taelor Whittington;5,147794931;
320;7;F1;LEMA;46248;3531;Taelor Whittington;7,634924754;
321;7;F1;SOAS;74280;28487;Taelor Whittington;38,35083468;
322;7;F1;BEMA;54101;6696;Taelor Whittington;12,37685071;
323;7;F2;SOAS;214463;26959;Taelor Whittington;12,5704667;
324;7;F2;SPRU;23454;0;Taelor Whittington;0;
325;7;F2;BEMA;39783;8260;Taelor Whittington;20,76263731;
326;7;F3;LEMA;89441;17017;Taelor Whittington;19,02595007;
327;7;F3;SOAS;152631;81501;Taelor Whittington;53,39740944;
328;7;F3;BEMA;57848;19352;Taelor Whittington;33,45318766;
329;7;F4;SOAS;93859;32511;Taelor Whittington;34,6381274;
330;7;F4;BEMA;35168;4202;Taelor Whittington;11,94836215;
331;7;F5;LEMA;40759;8789;Taelor Whittington;21,56333571;
332;7;F5;SOAS;31466;8680;Taelor Whittington;27,58553302;
333;7;F5;BEMA;26733;4818;Taelor Whittington;18,02266851;
334;7;F6;LEMA;56378;7717;Taelor Whittington;13,68796339;
335;7;F6;SOAS;98173;647;Taelor Whittington;0,659040673;
336;7;F6;BEMA;36636;1231;Taelor Whittington;3,360082978;
135;8;A1;LEMA;23897;2848;Taelor Whittington;11,91781395;
136;8;A1;SOAS;62654;20205;Taelor Whittington;32,2485396;
137;8;A1;SPRU;23663;0;Taelor Whittington;0;
138;8;A1;BEMA;25851;1282;Taelor Whittington;4,9591892;
139;8;A2;LEMA;photo missing ;photo missing ;Taelor Whittington;;photo missing 
140;8;A2;SCLA;58637;7313;Taelor Whittington;12,47164759;
141;8;A2;BEMA;41758;3355;Taelor Whittington;8,03438862;
142;8;A3;BEMA;22794;747;Taelor Whittington;3,277178205;
143;8;A4;LEMA;37428;2287;Taelor Whittington;6,110398632;
144;8;A4;SOAS;48876;9441;Taelor Whittington;19,31622882;
145;8;A4;SPRU;11858;0;Taelor Whittington;0;
146;8;A4;SCLA;picture missing ;picture missing ;Taelor Whittington;;picture missing 
147;8;A4;BEMA;34202;2064;Taelor Whittington;6,034734811;
148;8;A5;LEMA;64669;16769;Taelor Whittington;25,93050766;
149;8;A5;BEMA;52757;4852;Taelor Whittington;9,177928995;
150;8;A6;SCLA;25335;2079;Taelor Whittington;8,206039076;
151;8;A6;LEMA;20718;473;Taelor Whittington;2,283038903;
152;8;A6;SOAS;45143;413;Taelor Whittington;0,914870523;
153;8;A6;BEMA;87520;756;Taelor Whittington;0,863800256;
154;8;B1;SOAS;114345;31024;Taelor Whittington;27,13192531;
155;8;B1;BEMA;48385;3384;Taelor Whittington;6,993903069;
156;8;B2;BEMA;61482;27484;Taelor Whittington;44,70251456;
157;8;B3;LEMA;62814;6886;Taelor Whittington;10,96252428;
158;8;B3;SCLA;65304;12248;Taelor Whittington;18,75535955;
159;8;B3;BEMA;45016;477;Taelor Whittington;1,059623245;
160;8;B4;SOAS;69710;18722;Taelor Whittington;26,85697891;
161;8;B4;BEMA;58355;8742;Taelor Whittington;14,98072145;
162;8;B5;SCLA;48293;9081;Taelor Whittington;18,80396745;
163;8;B5;BEMA;32820;3883;Taelor Whittington;11,83120049;
164;8;B6;SOAS;28722;6210;Taelor Whittington;21,62105703;
165;8;B6;SCLA;18330;4643;Taelor Whittington;25,33006001;
166;8;B6;BEMA;36298;4174;Taelor Whittington;11,49925616;
167;8;C1;BEMA;32966;169;Taelor Whittington;0,512649396;
168;8;C2;LEMA;60081;5594;Taelor Whittington;9,310763802;
169;8;C2;SCLA;71913;5718;Taelor Whittington;7,951274457;
170;8;C2;SOAS;213159;594;Taelor Whittington;0,278665222;
171;8;C2;BEMA;67806;1654;Taelor Whittington;2,439312155;
172;8;C3;LEMA;35661;98;Taelor Whittington;0,274810017;
173;8;C3;BEMA;25558;2597;Taelor Whittington;10,16120197;
174;8;C4;SOAS;32179;4255;Taelor Whittington;13,22290935;
175;8;C4;LEMA;49238;5772;Taelor Whittington;11,72265324;
176;8;C4;BEMA;29201;2433;Taelor Whittington;8,331906442;
177;8;C4;SCLA;48394;5548;Taelor Whittington;11,4642311;
178;8;C5;SCLA;35109;4124;Taelor Whittington;11,74627588;
179;8;C5;LEMA;28502;631;Taelor Whittington;2,213879728;
180;8;C5;BEMA;51666;9576;Taelor Whittington;18,5344327;
181;8;C6;SOAS;34858;17130;Taelor Whittington;49,14223421;
182;8;C6;BEMA;46601;5124;Taelor Whittington;10,9954722;
183;8;D1;SCLA;70063;4585;Taelor Whittington;6,544110301;
184;8;D1;SOAS;181894;48701;Taelor Whittington;26,77438508;
185;8;D2;SOAS;44344;22912;Taelor Whittington;51,66877142;
186;8;D2;BEMA;59548;891;Taelor Whittington;1,496271915;
187;8;D3;LEMA;66914;10539;Taelor Whittington;15,75006725;
188;8;D3;BEMA;21970;1047;Taelor Whittington;4,76558944;
189;8;D4;LEMA;18515;7712;Taelor Whittington;41,65271402;
190;8;D4;BEMA;29304;5518;Taelor Whittington;18,83019383;
191;8;D5;LEMA;38316;100;Taelor Whittington;0,260987577;
192;8;D5;BEMA;25679;480;Taelor Whittington;1,869231668;
193;8;D6;BEMA;35649;224;Taelor Whittington;0,628348621;
194;8;E1;SCLA;58239;6776;Taelor Whittington;11,63481516;
195;8;E1;BEMA;19969;4125;Taelor Whittington;20,65701838;
196;8;E2;LEMA;35987;2754;Taelor Whittington;7,652763498;
197;8;E2;SPRU;21539;269;Taelor Whittington;1,248897349;
198;8;E2;BEMA;47307;1743;Taelor Whittington;3,684444163;
199;8;E3;LEMA;34540;4566;Taelor Whittington;13,2194557;
200;8;E3;SPRU;21775;1000;Taelor Whittington;4,592422503;
201;8;E3;BEMA;56317;3958;Taelor Whittington;7,028073228;
202;8;E4;SOAS;46736;15072;Taelor Whittington;32,24922972;
203;8;E4;BEMA;37321;426;Taelor Whittington;1,141448514;
204;8;E5;BEMA;74510;10115;Taelor Whittington;13,57535901;
205;8;E6;BEMA;43197;907;Taelor Whittington;2,099682848;
206;8;F1;LEMA;46260;7101;Taelor Whittington;15,35019455;
207;8;F1;SOAS;82953;23591;Taelor Whittington;28,43899558;
208;8;F1;BEMA;59323;3878;Taelor Whittington;6,537093539;
209;8;F2;SCLA;39218;5670;Taelor Whittington;14,457647;
210;8;F2;BEMA;47378;356;Taelor Whittington;0,751403605;
211;8;F3;BEMA;68514;2020;Taelor Whittington;2,948302537;
212;8;F4;SOAS;57323;14037;Taelor Whittington;24,48755299;
213;8;F4;BEMA;27893;6045;Taelor Whittington;21,67210411;
214;8;F5;LEMA;40040;412;Taelor Whittington;1,028971029;
215;8;F5;BEMA;71326;394;Taelor Whittington;0,552393237;
216;8;F6;LEMA;51239;18035;Taelor Whittington;35,19779855;
217;8;F6;SCLA;25435;0;Taelor Whittington;0;
218;8;F6;BEMA;38145;0;Taelor Whittington;0;
1;9;A1;SOAS;86509;32959;Taelor Whittington;38,09892612;
2;9;A1;BEMA;83305;5961;Taelor Whittington;7,155632915;
3;9;A1;SCLA;59504;468;Taelor Whittington;0,786501748;
4;9;A1;SPRU;56561;4432;Taelor Whittington;7,83578791;
5;9;A2;BEMA;47499;1847;Taelor Whittington;3,888502916;
6;9;A2;SOAS;84938;23861;Taelor Whittington;28,09225553;
7;9;A2;LEMA;40214;5661;Taelor Whittington;14,07718705;
8;9;A2;SPRU;24286;1968;Taelor Whittington;8,103434077;
9;9;A2;SCLA;42552;190;Taelor Whittington;0,446512502;
10;9;A3;SOAS;47017;2179;Taelor Whittington;4,634493906;
11;9;A3;SPRU;35765;0;Taelor Whittington;0;
12;9;A3;BEMA;47999;93;Taelor Whittington;0,193754037;
13;9;A4;SCLA;35282;294;Taelor Whittington;0,833286095;
14;9;A4;SOAS;27870;546;Taelor Whittington;1,959095802;
15;9;A4;BEMA;23797;200;Taelor Whittington;0,840442073;
16;9;A4;SPRU;28561;89;Taelor Whittington;0,311613739;
17;9;A5;SCLA;42677;372;Taelor Whittington;0,871663894;
18;9;A5;SPRU;58446;343;Taelor Whittington;0,586866509;
19;9;A5;BEMA;41523;244;Taelor Whittington;0,587626135;
20;9;A5;SOAS;97223;1348;Taelor Whittington;1,386503194;
21;9;A6;SOAS;94353;4948;Taelor Whittington;5,244136381;
22;9;A6;BEMA;picture missing;picture missing ;Taelor Whittington;;
23;9;A6;SPRU;22928;77;Taelor Whittington;0,335833915;
24;9;A6;SCLA;69891;481;Taelor Whittington;0,688214505;
25;9;B1;SCLA;52513;84;Taelor Whittington;0,159960391;
26;9;B1;SOAS;148882;19222;Taelor Whittington;12,91089588;
27;9;B1;BEMA;30570;453;Taelor Whittington;1,481844946;
28;9;B1;SPRU;22870;358;Taelor Whittington;1,56536948;
29;9;B2;SCLA;picture missing ;picture missing;Taelor Whittington;;
30;9;B2;SOAS;91600;2122;Taelor Whittington;2,316593886;
31;9;B2;SPRU;15366;43;Taelor Whittington;0,279838605;
32;9;B2;BEMA;36722;2014;Taelor Whittington;5,484450738;
33;9;B3;SCLA;53688;3532;Taelor Whittington;6,578751304;
34;9;B3;SOAS;148307;19295;Taelor Whittington;13,01017484;
35;9;B3;SPRU;11369;0;Taelor Whittington;0;
36;9;B3;BEMA;20618;2851;Taelor Whittington;13,82772335;
37;9;B4;SOAS;picture missing;picture missing ;Taelor Whittington;;
38;9;B4;SPRU;34660;253;Taelor Whittington;0,729948067;
39;9;B4;BEMA;picture missing;picture missing;Taelor Whittington;;
40;9;B4;SCLA;33788;50;Taelor Whittington;0,147981532;
41;9;B5;SCLA;56293;209;Taelor Whittington;0,371271739;
42;9;B5;LEMA;90504;3801;Taelor Whittington;4,199814373;
43;9;B5;SOAS;60170;11714;Taelor Whittington;19,46817351;
44;9;B5;SPRU;42707;140;Taelor Whittington;0,327815112;
45;9;B5;BEMA;21475;1233;Taelor Whittington;5,741559953;
46;9;B6;SCLA;32875;2554;Taelor Whittington;7,768821293;
47;9;B6;SOAS;105381;12429;Taelor Whittington;11,79434623;
48;9;B6;SPRU;24548;760;Taelor Whittington;3,095975233;
49;9;B6;BEMA;42421;1386;Taelor Whittington;3,267249711;
50;9;C1;LEMA;picture missing;picture missing;Taelor Whittington;;
51;9;C1;SCLA;picture missing ;picture missing;Taelor Whittington;;
52;9;C1;SOAS;37110;374;Taelor Whittington;1,007814605;
53;9;C1;SPRU;35175;625;Taelor Whittington;1,776830135;
54;9;C1;BEMA;20995;1680;Taelor Whittington;8,001905216;
55;9;C2;LEMA;19715;0;Taelor Whittington;0;
56;9;C2;SOAS;45777;11046;Taelor Whittington;24,13002163;
57;9;C2;BEMA;23512;531;Taelor Whittington;2,258421232;
58;9;C2;SPRU;36853;166;Taelor Whittington;0,450438228;
59;9;C3;LEMA;72265;227;Taelor Whittington;0,314121636;
60;9;C3;SCLA;18373;3176;Taelor Whittington;17,28623524;
61;9;C3;SOAS;123562;7395;Taelor Whittington;5,984849711;
62;9;C3;BEMA;49352;4424;Taelor Whittington;8,964175717;
63;9;C4;SCLA;48295;92;Taelor Whittington;0,190495911;
64;9;C4;SOAS;134430;3008;Taelor Whittington;2,237595775;
65;9;C4;SPRU;17892;71;Taelor Whittington;0,396825397;
66;9;C4;BEMA;29480;166;Taelor Whittington;0,563093623;
67;9;C5;SCLA;40123;153;Taelor Whittington;0,381327418;
68;9;C5;SOAS;55644;152;Taelor Whittington;0,273165121;
69;9;C5;SPRU;28856;64;Taelor Whittington;0,221279096;
70;9;C5;BEMA;55098;354;Taelor Whittington;0,64249156;
71;9;C6;SPRU;44227;298;Taelor Whittington;0,67379655;
72;9;C6;BEMA;101924;5776;Taelor Whittington;5,666967544;
73;9;D1;LEMA;poor quality ;poor quality;Taelor Whittington;;
74;9;D1;SOAS;84789;486;Taelor Whittington;0,57318756;
75;9;D1;SPRU;75718;5047;Taelor Whittington;6,665522069;
76;9;D1;BEMA;83693;2818;Taelor Whittington;3,367067736;
77;9;D2;SCLA;31301;0;Taelor Whittington;0;
78;9;D2;SOAS;86370;782;Taelor Whittington;0,90540697;
79;9;D2;BEMA;poor quality ;poor quality ;Taelor Whittington;;
80;9;D2;SPRU;35911;638;Taelor Whittington;1,776614408;
81;9;D3;LEMA;142160;1252;Taelor Whittington;0,880697805;
82;9;D3;SOAS;93098;1743;Taelor Whittington;1,872220671;
83;9;D3;BEMA;45010;1411;Taelor Whittington;3,13485892;
84;9;D4;SOAS;62808;4412;Taelor Whittington;7,024582856;
85;9;D4;SCLA;28839;88;Taelor Whittington;0,305142342;
86;9;D4;SPRU;54873;287;Taelor Whittington;0,506624387;
87;9;D5;SCLA;53975;45;Taelor Whittington;0,083371931;
88;9;D5;SOAS;90809;1779;Taelor Whittington;1,959056922;
89;9;D5;SPRU;35498;341;Taelor Whittington;0,9606175;
90;9;D5;BEMA;31501;312;Taelor Whittington;0,990444748;
91;9;D6;SCLA;116036;624;Taelor Whittington;0,537764142;
92;9;D6;SOAS;278830;10184;Taelor Whittington;3,652404691;
93;9;D6;SPRU;39124;477;Taelor Whittington;1,219200491;
94;9;D6;BEMA;83936;5085;Taelor Whittington;6,05818719;
95;9;E1;LEMA;30377;68;Taelor Whittington;0,223853573;
96;9;E1;SOAS;39195;1264;Gregory Gilbert;3,224901135;
97;9;E1;BEMA;89874;883;Gregory Gilbert;0,982486592;
98;9;E2;LEMA;152160;4769;Gregory Gilbert;3,134200841;
99;9;E2;SOAS;85931;6131;Gregory Gilbert;7,134794195;
100;9;E2;SPRU;30546;80;Gregory Gilbert;0,261900085;
101;9;E2;SCLA;56750;617;Gregory Gilbert;1,08722467;
102;9;E2;BEMA;58339;3429;Gregory Gilbert;5,877714736;
103;9;E3;LEMA;205813;7921;Gregory Gilbert;3,848639299;
104;9;E3;SOAS;136459;70951;Gregory Gilbert;51,99437194;
105;9;E3;BEMA;57951;7144;Gregory Gilbert;12,32765612;
106;9;E4;SOAS;129178;8256;Gregory Gilbert;6,391181161;
107;9;E4;LEMA;48121;697;Gregory Gilbert;1,448432077;
108;9;E4;SPRU;75517;353;Gregory Gilbert;0,467444416;
109;9;E5;SCLA;87103;3417;Gregory Gilbert;3,922941805;
110;9;E5;SOAS;106286;9825;Gregory Gilbert;9,243926764;
111;9;E5;SPRU;34900;1166;Gregory Gilbert;3,340974212;
112;9;E6;LEMA;88464;795;Gregory Gilbert;0,898670646;
113;9;E6;SPRU;53758;5431;Gregory Gilbert;10,10268239;
114;9;F1;LEMA;51328;14575;Gregory Gilbert;28,39580736;
115;9;F1;SOAS;405080;20907;Gregory Gilbert;5,161202725;
116;9;F1;BEMA;335524;2731;Gregory Gilbert;0,813950716;
117;9;F1;SCLA;60034;2408;Gregory Gilbert;4,011060399;
118;9;F2;SOAS;27256;8975;Gregory Gilbert;32,9285295;
119;9;F2;SPRU;32099;8488;Gregory Gilbert;26,44319138;
120;9;F2;BEMA;56345;9042;Gregory Gilbert;16,04756411;
121;9;F3;LEMA;48138;714;Gregory Gilbert;1,483235697;
122;9;F3;SCLA;138235;2641;Gregory Gilbert;1,910514703;
123;9;F3;SOAS;203655;58098;Gregory Gilbert;28,52765707;
124;9;F3;SPRU;67970;9052;Gregory Gilbert;13,31764014;
125;9;F3;BEMA;82201;6822;Gregory Gilbert;8,29916911;
126;9;F4;SPRU;57943;8116;Gregory Gilbert;14,00686882;
127;9;F4;BEMA;88237;27062;Gregory Gilbert;30,66967372;
128;9;F5;LEMA;42085;1227;Gregory Gilbert;2,915528098;
129;9;F5;SOAS;90894;24840;Gregory Gilbert;27,32853654;
130;9;F5;SPRU;60582;2289;Gregory Gilbert;3,778350005;
131;9;F5;BEMA;57438;4996;Gregory Gilbert;8,698074445;
132;9;F6;SOAS;143094;65478;Gregory Gilbert;45,75873202;
133;9;F6;SPRU;53444;6460;Gregory Gilbert;12,08741861;
134;9;F6;BEMA;80205;14797;Gregory Gilbert;18,4489745;
;;;;;;;;
;;;;;;;;
;;;;;;;;
;;;;;;;;
;;;;;;;;
;;;;;;;;
;;;;;;;;
;;;;;;;;
;;;;;;;;
;;;;;;;;
;;;;;;;;
;;;;;;;;
;;;;;;;;
;;;;;;;;
;;;;;;;;
;;;;;;;;
;;;;;;;;
;;;;;;;;
;;;;;;;;
;;;;;;;;
;;;;;;;;
;;;;;;;;
;;;;;;;;
;;;;;;;;
;;;;;;;;
;;;;;;;;
;;;;;;;;
;;;;;;;;
;;;;;;;;
;;;;;;;;
;;;;;;;;
;;;;;;;;
;;;;;;;;
;;;;;;;;
;;;;;;;;
;;;;;;;;
;;;;;;;;
;;;;;;;;
;;;;;;;;
;;;;;;;;
;;;;;;;;
;;;;;;;;
;;;;;;;;
;;;;;;;;
;;;;;;;;
;;;;;;;;
;;;;;;;;
;;;;;;;;
;;;;;;;;
;;;;;;;;
;;;;;;;;
;;;;;;;;
;;;;;;;;
;;;;;;;;
;;;;;;;;
;;;;;;;;
;;;;;;;;
;;;;;;;;
;;;;;;;;
;;;;;;;;
;;;;;;;;
;;;;;;;;
;;;;;;;;
;;;;;;;;
;;;;;;;;
;;;;;;;;
;;;;;;;;
;;;;;;;;
;;;;;;;;
;;;;;;;;
;;;;;;;;
;;;;;;;;
;;;;;;;;
;;;;;;;;
;;;;;;;;
;;;;;;;;
;;;;;;;;
;;;;;;;;
;;;;;;;;
;;;;;;;;
;;;;;;;;
;;;;;;;;
;;;;;;;;
;;;;;;;;
;;;;;;;;
;;;;;;;;
;;;;;;;;
;;;;;;;;
;;;;;;;;
;;;;;;;;
;;;;;;;;
;;;;;;;;
;;;;;;;;
;;;;;;;;
;;;;;;;;
;;;;;;;;
;;;;;;;;
;;;;;;;;
;;;;;;;;
;;;;;;;;
;;;;;;;;
;;;;;;;;
;;;;;;;;
;;;;;;;;
;;;;;;;;
;;;;;;;;
;;;;;;;;
;;;;;;;;
;;;;;;;;
;;;;;;;;
;;;;;;;;
;;;;;;;;
;;;;;;;;
;;;;;;;;
;;;;;;;;
;;;;;;;;
;;;;;;;;
;;;;;;;;
;;;;;;;;
;;;;;;;;
;;;;;;;;
;;;;;;;;
;;;;;;;;
;;;;;;;;
;;;;;;;;
;;;;;;;;
;;;;;;;;
;;;;;;;;
;;;;;;;;
;;;;;;;;
;;;;;;;;
;;;;;;;;
;;;;;;;;
;;;;;;;;
;;;;;;;;
;;;;;;;;
;;;;;;;;
;;;;;;;;
;;;;;;;;
;;;;;;;;
;;;;;;;;
;;;;;;;;
;;;;;;;;
;;;;;;;;
;;;;;;;;
;;;;;;;;
;;;;;;;;
;;;;;;;;
;;;;;;;;
;;;;;;;;
;;;;;;;;
;;;;;;;;
;;;;;;;;
;;;;;;;;
;;;;;;;;
;;;;;;;;
;;;;;;;;
;;;;;;;;
;;;;;;;;
;;;;;;;;
;;;;;;;;
;;;;;;;;
;;;;;;;;
;;;;;;;;
;;;;;;;;
;;;;;;;;
;;;;;;;;
;;;;;;;;
;;;;;;;;
;;;;;;;;
;;;;;;;;
;;;;;;;;
;;;;;;;;
;;;;;;;;
;;;;;;;;
;;;;;;;;
;;;;;;;;
;;;;;;;;
;;;;;;;;
;;;;;;;;
;;;;;;;;
;;;;;;;;
;;;;;;;;
;;;;;;;;
;;;;;;;;
;;;;;;;;
;;;;;;;;
;;;;;;;;
;;;;;;;;
;;;;;;;;
;;;;;;;;
;;;;;;;;
;;;;;;;;
;;;;;;;;
;;;;;;;;
;;;;;;;;
;;;;;;;;
;;;;;;;;
;;;;;;;;
;;;;;;;;
;;;;;;;;
;;;;;;;;
;;;;;;;;
;;;;;;;;
;;;;;;;;
